0 223,252,587,04,963,627,286,442,925,755
1 332,414,235,447,192,691,924,335,169,001
2 966,751,191,407,128,86,26,952,422,255
3 797,452,428,778,421,284,439,903,505,057
4 094,131,69,937,978,295,143,548,857,028
5 283,784,615,375,065,101,344,234,729,912
6 534,25,343,584,97,565,79,112,715,258
7 235,169,447,03,853,594,414,379,192,975
8 625,278,646,458,721,38,102,997,922,275
9 307,331,099,62,573,681,082,482,298,359
10 57,164,665,794,944,227,135,501,58,719
11 967,859,029,788,324,776,73,764,683,017
12 445,037,559,358,973,242,187,607,55,831
13 185,005,246,956,722,525,907,027,564,927
14 121,737,676,58,395,209,586,077,944,227
15 104,865,795,115,64,071,134,892,619,264
16 67,618,201,066,959,846,974,825,274,92
17 904,521,446,136,675,198,762,122,943,917
18 268,259,494,432,114,415,314,453,341,644
19 52,07,991,516,698,953,872,148,951,612
20 498,325,509,416,474,844,68,435,806,355
21 531,768,067,628,808,329,809,292,736,935
22 242,914,675,917,762,831,136,122,521,198
23 19,566,466,689,305,443,595,483,799,396
24 752,503,214,898,425,781,463,388,019,867
25 91,07,953,991,698,626,148,516,951,872
26 331,082,9,256,772,359,939,277,307,681
27 427,471,88,814,718,775,116,244,758,704
28 936,893,798,291,022,168,176,288,638,883
29 089,974,959,113,702,618,61,968,218,825
30 594,374,169,66,7,842,987,674,299,235
31 334,222,302,35,123,811,852,188,546,271
32 499,062,044,438,081,823,78,387,363,939
33 023,102,174,085,294,038,522,625,357,275
34 735,267,221,395,501,227,487,039,58,737
35 156,032,491,94,352,868,774,892,204,915
36 658,933,293,237,908,579,031,341,965,453
37 776,468,029,017,193,859,967,11,788,317
38 175,712,85,74,607,539,48,639,973,738
39 205,507,109,364,258,989,189,948,111,182
40 328,223,163,0,356,454,925,252,587,006
41 821,083,763,664,728,637,873,431,537,631
42 837,575,917,242,774,619,136,657,659,352
43 723,481,298,206,848,681,098,643,472,488
44 983,161,385,409,761,571,724,834,504,053
45 753,574,103,685,825,113,846,696,92,702
46 795,264,071,134,104,672,51,115,865,892
47 712,175,48,738,639,83,08,539,248,607
48 025,234,729,912,662,101,889,784,732,207
49 491,032,156,53,352,892,134,071,795,264
50 561,969,088,258,805,364,97,817,534,526
51 879,486,779,366,142,759,855,854,721,816
52 343,6,715,584,534,565,79,024,891,824
53 811,13,222,334,123,852,045,302,118,271
54 731,236,782,647,926,573,695,945,099,946
55 187,035,559,861,48,973,529,445,831,248
56 905,457,475,087,28,449,888,836,454,163
57 694,117,394,652,348,393,241,459,941,842
58 607,358,973,83,037,559,175,445,962,21
59 716,418,073,183,261,398,567,154,244,312
60 484,413,146,581,802,993,663,749,093,153
61 08,248,425,738,463,781,351,898,639,529
62 255,725,578,751,526,966,422,191,623,2
63 496,405,318,012,176,279,049,577,634,929
64 139,052,492,756,632,119,152,977,479,041
65 397,563,477,733,322,326,572,013,988,734
66 842,594,03,348,173,241,299,374,394,117
67 321,611,079,654,072,894,626,165,601,886
68 407,952,633,822,976,2,128,527,191,202
69 692,336,528,543,386,068,994,911,345,009
70 148,91,52,875,516,612,219,872,304,538
71 669,49,197,815,613,769,862,045,847,901
72 841,819,287,883,168,022,291,288,707,99
73 465,748,977,849,129,685,124,744,677,147
74 406,372,765,276,535,294,889,038,713,512
75 665,01,164,487,501,227,794,135,944,58
76 61,618,201,066,846,959,199,596,825,974
77 927,564,368,371,245,813,931,907,246,333
78 401,001,899,335,585,107,195,084,605,332
79 258,534,565,6,112,561,05,969,93,364
80 16,248,738,639,74,529,712,48,351,425
81 878,989,112,109,687,614,565,196,636,144
82 475,457,65,163,356,905,454,328,925,087
83 721,458,278,646,142,8,625,879,366,922
84 74,712,175,973,035,55,559,187,248,607
85 227,121,737,395,944,676,41,01,586,665
86 844,434,558,801,498,02,854,519,605,325
87 006,387,081,062,499,23,823,044,587,518
88 427,718,72,814,471,704,116,941,244,775
89 648,682,877,162,489,095,402,804,232,173
90 239,832,696,971,699,591,706,753,002,955
91 32,689,566,466,305,595,443,483,799,396
92 132,036,754,626,469,982,456,544,285,953
93 303,009,473,336,157,125,838,092,96,543
94 613,669,847,17,901,769,177,127,306,197
95 688,218,743,984,257,968,702,376,089,041
96 295,937,143,094,4,978,131,016,548,742
97 666,343,6,25,869,208,167,378,534,97
98 833,934,019,266,876,639,781,738,16,425
99 203,437,389,287,349,27,883,641,058,444
100 107,195,585,253,401,87,691,874,924,084
101 375,912,729,512,5,147,784,283,84,615
102 67,846,066,971,61,199,825,618,532,699
103 932,599,412,073,621,997,308,714,418,116
104 585,107,084,87,001,195,605,874,253,899
105 487,665,227,267,57,01,43,58,395,735
106 894,408,858,151,165,079,184,281,979,589
107 827,961,693,424,897,556,773,524,502,042
108 519,786,558,014,434,605,844,854,68,043
109 127,847,613,769,272,49,177,197,669,17
110 247,938,547,616,629,386,905,345,995,457
111 189,141,507,773,196,109,205,424,524,93
112 583,225,895,317,568,668,193,759,468,896
113 777,316,277,373,262,576,823,995,772,082
114 105,436,478,004,126,382,059,804,947,648
115 624,524,144,196,636,693,249,773,667,701
116 321,76,072,079,886,654,894,165,582,464
117 789,108,508,464,582,219,304,072,451,875
118 35,271,045,13,222,334,306,118,123,852
119 068,069,588,528,692,597,96,386,336,384
120 803,655,704,308,922,941,718,459,621,787
121 737,41,676,58,395,586,227,944,209,735
122 039,43,735,267,429,501,487,395,227,015
123 611,76,079,072,654,894,886,165,582,601
124 797,238,3,903,428,263,592,452,653,284
125 71,136,675,904,762,198,446,917,122,22
126 997,308,599,922,655,301,646,458,021,932
127 38,278,458,646,142,8,625,879,15,366
128 14,664,637,431,083,631,747,763,537,728
129 562,362,887,992,347,076,257,504,984,346
130 453,341,579,237,908,658,432,114,673,494
131 4,094,028,857,978,69,937,143,295,338
132 943,554,046,679,446,598,489,975,746,198
133 62,9,681,359,307,256,298,082,848,099
134 747,664,637,631,821,14,054,404,083,074
135 12,768,067,808,628,329,809,292,296,736
136 431,747,664,637,404,821,14,054,274,074
137 45,573,782,236,647,926,099,695,945,946
138 914,22,187,55,21,445,035,242,861,559
139 245,194,333,426,388,77,793,927,368,813
140 632,968,743,218,702,113,103,688,59,139
141 189,111,773,507,424,196,205,897,109,524
142 842,137,348,299,381,652,459,941,75,66
143 453,031,237,432,114,494,268,658,579,908
144 461,656,077,209,676,586,377,608,064,41
145 327,324,788,764,11,967,683,859,029,319
146 389,485,964,444,203,125,315,473,695,99
147 026,061,919,609,732,568,896,399,357,889
148 27,819,707,287,171,003,403,168,996,883
149 459,652,137,718,803,704,021,88,241,381
150 709,513,215,909,985,159,671,771,145,229
151 858,408,184,281,601,165,589,979,843,906
152 476,807,384,981,661,838,055,069,337,068
153 649,463,529,248,898,16,861,924,08,425
154 678,608,064,377,508,441,719,461,108,586
155 622,783,086,866,419,552,096,038,545,706
156 313,172,569,003,403,707,819,097,996,497
157 966,2,26,725,255,191,578,422,526,128
158 493,254,124,289,212,677,602,615,283,065
159 698,991,036,953,91,52,158,626,07,516
160 357,522,919,741,085,713,026,816,535,275
161 983,44,504,409,385,761,887,571,724,834
162 567,282,398,154,056,265,95,766,057,882
163 767,269,726,836,888,57,353,391,538,745
164 656,441,077,209,676,377,586,608,41,064
165 969,05,258,805,364,088,817,97,514,623
166 555,157,838,476,251,981,315,009,055,125
167 385,724,834,571,44,983,053,409,999,479
168 529,035,55,248,187,351,48,924,649,831
169 827,701,556,042,502,845,693,739,897,424
170 134,795,104,892,115,64,51,865,94,264
171 663,707,003,819,841,27,936,82,993,06
172 306,133,811,177,35,045,847,166,49,613
173 368,564,927,907,77,722,867,246,005,462
174 814,775,72,427,88,244,116,954,718,758
175 834,385,724,409,761,44,983,999,161,479
176 909,349,058,215,051,513,709,159,203,642
177 059,985,145,947,709,697,051,004,513,758
178 946,569,497,172,731,647,45,996,695,236
179 846,825,832,201,699,09,239,955,002,753
180 387,78,006,23,499,044,062,363,518,557
181 063,266,876,048,934,902,455,833,89,566
182 979,843,165,408,858,151,601,367,894,184
183 299,137,241,433,987,842,787,459,652,941
184 723,34,206,643,098,298,848,681,472,488
185 146,484,06,153,413,093,802,272,606,178
186 298,848,34,723,481,359,331,206,098,548
187 425,214,752,503,42,898,019,463,16,867
188 229,159,642,555,215,513,909,818,051,709
189 055,476,337,807,251,818,384,661,296,515
190 043,354,835,155,786,014,899,366,674,779
191 422,128,952,255,2,26,966,751,86,407
192 022,798,168,288,883,936,008,893,82,27
193 872,516,745,353,612,791,361,836,07,538
194 94,53,156,032,352,134,892,071,264,868
195 706,263,239,09,696,592,832,699,002,866
196 924,253,001,195,1,332,107,585,414,874
197 448,745,353,829,449,342,836,888,087,391
198 824,178,715,606,024,153,584,687,25,093
199 953,951,52,698,626,91,036,07,29,516
200 955,699,832,532,592,971,09,239,263,199
201 714,33,174,625,8,997,599,023,621,412
202 822,527,885,976,673,533,407,86,633,952
203 334,222,13,546,123,35,998,852,811,188
204 682,808,489,768,98,531,12,679,067,554
205 556,323,042,961,549,827,034,845,693,923
206 212,065,254,957,615,283,344,784,851,5
207 968,113,743,218,041,688,59,089,632,92
208 749,993,093,06,484,581,138,249,523,663
209 455,876,063,266,539,181,934,89,639,833
210 049,496,36,577,279,634,929,405,635,318
211 989,565,878,18,687,584,109,534,024,614
212 602,065,254,615,283,851,957,344,784,5
213 339,766,398,954,261,265,638,882,95,775
214 932,714,186,301,599,653,183,073,418,997
215 765,372,912,506,729,101,47,375,147,744
216 148,538,516,872,304,07,875,219,269,391
217 74,175,48,738,639,83,539,08,607,973
218 518,963,587,864,627,442,081,387,223,0
219 729,101,512,375,84,372,025,765,234,5
220 291,168,798,288,883,008,936,893,82,27
221 198,762,446,675,521,71,914,379,943,904
222 334,13,302,35,811,123,852,546,271,998
223 477,733,563,397,013,56,326,965,988,986
224 191,255,128,26,623,952,514,578,2,966
225 085,357,275,061,023,713,294,535,816,276
226 086,551,038,783,096,866,545,506,765,419
227 005,907,213,31,564,371,185,368,462,927
228 527,202,976,407,86,885,673,633,533,952
229 646,655,458,308,621,997,021,803,8,625
230 156,352,94,53,491,892,774,868,134,071
231 982,754,544,285,456,29,204,469,757,918
232 598,853,489,679,046,975,682,231,98,943
233 414,1,235,335,691,169,447,001,87,192
234 494,268,114,453,341,81,237,259,031,415
235 199,955,002,699,546,201,998,971,066,832
236 041,968,139,052,743,103,218,702,113,46
237 889,025,84,535,741,713,276,026,061,234
238 09,239,699,971,002,955,696,591,846,825
239 412,301,599,714,186,073,418,183,621,997
240 845,556,034,961,502,827,549,686,739,701
241 275,278,816,721,879,15,38,855,8,919
242 917,22,24,21,837,445,136,037,675,575
243 829,448,972,629,791,717,247,597,745,588
244 627,286,963,252,0,587,812,223,518,755
245 916,243,224,596,066,188,199,852,123,404
246 229,159,909,881,315,215,349,555,485,513
247 007,363,557,438,044,016,939,839,937,256
248 348,241,66,299,381,137,594,394,03,652
249 074,078,369,274,404,618,346,61,974,959
250 139,977,46,632,748,103,041,492,119,685
251 119,383,492,677,46,756,139,052,493,977
252 0,286,223,627,442,963,587,04,755,925
253 032,156,774,53,94,868,892,491,619,575
254 439,3,505,797,778,428,796,284,309,998
255 419,551,783,238,174,866,622,263,096,086
256 459,941,137,241,75,348,718,842,88,381
257 214,503,42,781,425,898,463,019,867,16
258 123,188,35,13,118,916,334,222,811,302
259 128,191,86,863,407,633,422,2,645,708
260 499,823,23,78,006,387,081,044,438,576
261 877,095,648,173,98,117,394,694,105,393
262 576,995,777,311,823,547,938,316,616,277
263 562,921,887,257,984,376,076,992,347,59
264 213,867,483,305,443,595,722,019,371,466
265 362,921,992,076,347,257,346,887,984,59
266 207,344,234,047,957,84,106,928,784,065
267 198,675,122,521,446,71,22,914,904,136
268 815,913,873,763,17,669,884,467,118,728
269 553,075,358,659,037,85,657,607,21,445
270 611,321,654,76,582,464,079,886,219,894
271 569,313,651,403,871,097,996,497,946,003
272 127,901,847,153,177,178,613,49,581,769
273 765,47,512,406,912,506,729,889,276,025
274 488,206,643,734,481,703,723,856,34,098
275 338,734,028,56,643,488,857,472,397,563
276 264,64,906,795,134,367,071,589,94,491
277 082,939,277,438,23,62,823,499,311,062
278 516,391,612,07,148,91,538,52,304,875
279 597,629,342,717,588,829,069,247,911,226
280 772,62,277,939,331,311,256,316,482,9
281 514,948,623,364,805,205,817,422,526,255
282 056,567,261,265,882,635,154,929,577,057
283 126,804,436,067,478,768,296,411,818,531
284 573,782,373,099,092,731,45,945,316,926
285 464,072,789,611,654,711,321,76,108,219
286 402,489,98,679,046,232,808,598,554,231
287 926,945,45,236,647,731,573,695,482,964
288 265,635,056,638,929,577,282,766,261,049
289 544,285,132,757,204,217,754,918,495,826
290 543,303,373,39,945,336,482,473,782,009
291 447,235,1,379,414,7,332,914,975,122
292 809,628,329,233,918,736,935,949,12,217
293 928,106,047,207,662,399,179,957,344,234
294 756,152,46,119,139,479,617,383,052,999
295 263,002,955,699,591,421,797,832,238,09
296 528,96,068,911,336,386,069,543,588,994
297 149,828,417,017,193,468,668,776,73,896
298 115,619,071,134,352,795,94,032,865,774
299 347,076,562,346,369,257,078,921,362,074
300 707,819,663,651,313,171,403,841,569,172
301 685,574,113,632,748,041,977,54,968,702
302 389,349,485,99,641,671,909,315,642,058
303 39,009,473,336,125,157,838,092,96,543
304 569,996,497,287,313,172,651,819,437,707
305 214,752,42,781,425,898,463,019,867,388
306 273,923,423,323,705,667,502,536,097,693
307 856,686,488,034,549,472,734,206,643,845
308 021,655,704,941,308,459,922,718,787,137
309 653,428,186,284,057,154,3,183,421,778
310 326,733,988,397,322,986,477,365,563,965
311 702,968,743,041,218,103,089,92,632,54
312 462,595,483,305,722,443,689,867,005,907
313 651,172,569,403,003,996,707,819,497,097
314 146,484,06,581,318,785,405,36,496,802
315 215,051,709,159,909,671,229,771,985,881
316 49,847,901,669,127,177,769,17,306,197
317 535,276,357,294,085,406,889,522,47,061
318 727,246,793,77,927,245,333,228,907,564
319 467,884,862,728,378,815,297,869,763,17
320 33,085,522,294,357,275,713,276,535,038
321 852,188,13,35,334,222,302,916,811,118
322 0,04,252,587,963,328,627,442,286,812
323 423,693,502,705,273,603,667,923,961,827
324 705,323,273,667,603,693,923,523,502,138
325 138,667,705,249,423,273,749,993,802,624
326 514,182,817,805,526,255,578,364,948,422
327 34,481,206,298,848,681,098,643,472,488
328 062,499,576,262,23,311,777,277,006,78
329 603,273,323,502,549,423,536,034,705,856
330 016,864,557,295,143,937,69,742,363,518
331 785,271,306,177,166,279,847,127,811,634
332 809,292,329,628,935,949,918,736,958,285
333 245,426,793,931,194,727,77,813,498,388
334 787,155,381,987,299,354,835,137,091,674
335 673,527,202,976,885,579,822,908,031,633
336 976,86,863,527,952,407,673,822,128,202
337 322,477,397,013,563,326,56,988,965,986
338 89,934,019,266,876,781,425,867,214,16
339 293,63,658,237,965,114,341,908,453,031
340 091,786,014,354,835,155,899,801,519,366
341 295,69,937,094,4,131,978,033,016,742
342 224,542,916,596,404,274,188,066,852,123
343 25,6,79,715,534,666,584,869,378,565
344 483,305,466,595,566,32,462,689,213,19
345 96,994,336,092,345,692,386,528,373,303
346 098,472,481,206,857,488,723,34,338,734
347 218,968,702,041,688,113,59,632,089,376
348 979,281,165,408,858,151,367,886,906,601
349 231,554,046,446,679,975,598,198,489,122
350 376,984,761,218,743,688,041,59,724,632
351 178,891,824,581,606,272,715,093,127,901
352 195,691,924,001,874,107,585,401,649,87
353 745,791,836,391,888,449,087,448,361,829
354 341,031,432,237,114,494,268,579,658,908
355 075,962,659,358,037,657,21,85,445,24
356 903,183,186,154,057,428,284,418,567,412
357 54,825,574,696,846,971,239,09,832,685
358 598,232,975,679,379,046,7,489,943,231
359 626,991,52,91,951,698,036,07,079,76
360 181,266,876,902,934,455,048,833,89,539
361 328,454,04,356,28,457,925,475,223,905
362 592,591,238,421,706,002,699,832,239,955
363 557,044,007,438,742,081,23,016,864,939
364 898,425,42,649,351,752,214,503,781,16
365 397,477,322,56,733,326,013,988,572,965
366 003,171,707,993,819,651,06,802,841,313
367 873,083,862,14,728,815,118,913,821,188
368 708,645,415,952,216,314,633,128,494,86
369 627,587,442,812,0,518,252,223,286,864
370 418,716,95,244,183,301,932,116,412,186
371 095,877,162,394,117,694,648,66,348,98
372 603,423,705,923,323,667,523,502,097,693
373 316,311,777,277,543,092,482,994,262,345
374 125,39,303,964,009,157,641,945,315,092
375 731,099,45,782,482,926,236,945,647,307
376 533,976,527,202,822,633,885,031,579,908
377 424,196,524,141,111,189,701,897,511,624
378 763,083,862,118,815,188,14,045,852,728
379 559,607,445,187,21,037,358,85,48,55
380 763,14,873,821,728,862,188,118,815,664
381 418,653,95,716,073,154,186,057,903,567
382 5,615,784,065,375,344,101,289,957,212
383 119,677,152,124,492,493,851,46,052,139
384 443,305,595,466,462,213,689,566,32,19
385 317,211,193,468,73,225,474,776,668,029
386 764,319,355,806,416,324,509,604,11,435
387 419,551,038,174,622,552,086,33,866,096
388 288,168,022,008,291,798,27,936,058,99
389 44,161,409,385,761,571,504,724,834,887
390 749,606,802,636,824,581,153,614,249,024
391 468,317,73,776,017,029,583,859,967,11
392 933,63,965,658,237,114,341,453,986,259
393 004,694,117,947,105,394,059,75,095,162
394 851,254,677,124,289,383,212,602,615,119
395 226,384,807,717,515,158,981,251,972,958
396 323,701,423,667,511,827,961,502,705,624
397 727,333,245,813,426,931,498,77,228,02
398 82,936,798,291,022,168,288,638,339,008
399 802,663,06,749,484,138,523,093,003,249
400 947,059,393,105,771,411,758,694,117,145
401 51,865,795,071,115,134,64,892,619,264
402 495,915,456,754,982,826,544,285,757,132
403 875,219,148,538,612,07,269,018,516,872
404 274,224,243,596,631,942,542,074,916,066
405 161,887,983,44,362,921,409,984,385,376
406 355,806,319,416,683,764,509,324,228,327
407 718,021,803,116,655,88,308,941,459,244
408 126,382,478,067,436,768,648,98,531,411
409 71,521,446,198,136,675,746,762,554,943
410 786,519,801,899,558,043,091,605,434,854
411 432,268,259,81,494,341,453,237,293,031
412 752,503,42,781,425,898,463,019,867,16
413 415,216,708,645,863,268,494,81,432,259
414 332,1,235,335,169,447,691,7,192,001
415 623,182,805,817,526,364,948,255,578,422
416 636,144,687,878,18,989,024,112,624,109
417 412,599,932,102,301,186,997,174,621,308
418 471,775,72,427,88,244,116,718,704,954
419 831,22,762,122,675,198,242,192,917,187
420 824,584,687,606,891,715,565,112,614,178
421 289,677,851,849,493,254,615,383,37,147
422 243,542,916,596,404,274,066,188,852,199
423 764,11,683,967,788,859,541,319,029,355
424 773,897,701,141,827,524,111,961,196,189
425 196,511,624,773,144,424,693,701,111,636
426 511,144,524,636,196,249,693,614,667,773
427 834,761,385,571,999,44,479,983,409,617
428 891,606,178,024,715,153,584,093,687,565
429 691,253,195,001,649,351,1,874,107,585
430 549,686,042,845,856,556,703,502,961,923
431 071,795,892,64,104,115,94,264,51,865
432 84,662,344,207,784,025,729,957,912,5
433 222,13,302,35,811,123,852,546,998,271
434 854,801,786,558,68,519,844,014,759,486
435 6,97,565,258,584,25,112,343,989,687
436 279,166,309,012,049,796,496,36,405,505
437 488,472,572,643,703,338,856,206,56,686
438 724,571,385,761,999,479,409,44,983,617
439 266,833,89,876,063,181,019,902,048,455
440 438,363,23,007,557,081,499,939,062,387
441 636,624,614,511,249,524,196,18,878,687
442 116,814,775,073,471,716,418,95,88,704
443 957,662,207,065,234,047,784,283,5,602
444 695,641,647,964,437,236,389,497,926,945
445 285,982,757,132,217,918,204,826,736,495
446 739,365,986,259,897,81,845,042,827,961
447 545,506,517,147,129,849,512,086,101,375
448 68,558,434,801,498,519,605,02,854,786
449 586,719,135,164,794,58,676,01,227,377
450 747,431,631,347,369,992,637,074,076,664
451 057,567,284,261,778,653,428,183,282,903
452 851,493,212,602,124,289,615,065,677,283
453 835,674,155,091,987,043,433,899,374,335
454 163,328,04,457,616,28,356,905,547,475
455 231,943,046,679,446,746,489,598,904,975
456 76,072,321,611,219,875,079,07,582,52
457 456,469,132,204,982,544,285,29,495,915
458 434,486,759,801,786,779,68,558,844,519
459 339,312,775,398,766,471,814,244,95,716
460 377,608,719,135,586,794,678,944,451,164
461 794,135,01,944,719,57,665,586,684,227
462 672,64,795,134,071,94,906,491,104,892
463 805,182,969,514,561,817,258,623,93,205
464 582,072,789,711,654,108,611,321,508,219
465 368,371,927,907,77,722,246,005,813,867
466 637,431,821,747,631,14,083,054,537,404
467 683,324,319,355,11,806,604,967,416,859
468 518,812,557,016,033,363,963,081,587,044
469 473,641,695,945,926,444,125,647,236,389
470 942,369,078,274,346,076,404,347,992,618
471 419,783,102,33,552,714,038,023,551,622
472 404,942,596,224,243,074,066,61,67,618
473 594,03,674,169,987,835,299,335,354,66
474 435,325,509,416,317,683,02,859,11,319
475 54,685,103,753,748,465,977,113,129,696
476 835,354,374,987,335,899,169,155,091,594
477 352,575,868,032,619,837,156,892,24,53
478 195,107,585,253,084,001,401,649,924,388
479 959,92,089,618,61,078,346,67,113,702
480 401,585,605,107,195,874,001,87,194,558
481 589,151,858,408,601,906,469,281,165,367
482 057,778,428,154,903,567,3,653,452,796
483 807,251,593,069,981,226,588,476,911,068
484 06,146,413,581,802,993,153,093,749,785
485 565,024,687,112,534,6,25,715,989,824
486 018,726,794,767,135,164,269,719,064,608
487 5,283,065,615,375,344,234,957,101,729
488 467,913,378,869,862,197,815,17,728,666
489 376,59,688,257,362,053,218,743,562,887
490 4,69,937,978,295,131,143,548,857,839
491 426,931,333,245,388,084,874,793,77,498
492 276,713,535,406,085,357,47,038,023,522
493 117,694,173,348,095,75,393,162,877,842
494 268,432,81,114,453,415,341,259,314,708
495 03,374,66,169,842,987,7,299,674,241
496 117,394,75,393,095,173,348,162,877,004
497 135,164,719,944,01,684,586,064,57,377
498 079,601,165,408,858,321,151,76,281,611
499 345,386,543,96,528,692,777,373,995,316
500 31,185,722,907,246,956,525,213,564,927
501 411,004,478,393,648,436,162,947,059,095
502 507,93,948,182,189,364,111,109,141,514
503 483,443,595,466,689,213,19,32,462,566
504 318,36,496,279,012,785,176,049,634,413
505 439,452,309,796,778,3,998,797,634,284
506 558,519,084,401,801,014,844,786,585,68
507 667,423,523,273,323,138,603,693,249,923
508 817,364,514,623,182,969,561,526,578,05
509 65,457,475,28,449,087,454,011,163,888
510 755,925,356,429,252,286,039,0,04,223
511 865,892,619,104,071,795,134,51,64,94
512 513,159,051,709,909,229,671,642,881,349
513 485,125,157,642,389,641,555,473,229,203
514 314,708,216,645,863,494,268,81,432,952
515 296,935,593,337,329,949,958,055,981,807
516 283,5,784,065,375,289,212,602,101,147
517 891,178,824,024,25,606,584,343,153,6
518 862,17,669,118,873,045,913,763,49,884
519 495,826,204,757,217,544,982,285,746,456
520 84,889,732,729,234,912,372,662,47,512
521 473,157,315,39,303,964,485,009,641,389
522 895,211,759,568,855,486,583,919,816,668
523 474,435,509,02,416,498,806,683,319,355
524 781,752,214,503,898,42,463,16,019,08
525 956,31,185,005,722,595,689,213,027,246
526 8,278,646,458,102,721,997,38,922,275
527 26,578,526,255,751,966,817,623,422,2
528 846,971,753,201,54,832,09,239,67,61
529 356,015,755,04,163,0,252,328,28,223
530 55,861,187,529,248,48,559,973,74,831
531 794,719,164,944,586,064,01,377,684,608
532 447,414,1,332,7,192,169,335,03,379
533 332,87,414,674,169,899,374,835,001,235
534 474,509,325,416,683,859,319,11,764,806
535 713,276,294,357,889,406,085,47,522,061
536 929,577,882,265,056,638,282,049,012,176
537 43,267,395,221,227,737,501,58,121,039
538 354,674,091,155,987,043,899,374,433,335
539 329,809,949,233,292,628,958,515,918,158
540 118,811,669,35,306,815,49,271,17,613
541 697,985,771,758,059,709,051,947,513,004
542 333,931,426,793,77,194,813,727,927,388
543 994,386,543,96,995,528,938,777,692,262
544 21,559,037,973,358,187,607,55,242,85
545 517,086,744,096,506,866,129,622,551,512
546 708,216,314,415,863,952,128,494,268,948
547 353,791,391,836,449,448,888,087,829,872
548 042,556,034,961,686,827,549,739,502,701
549 926,782,236,647,695,45,964,731,573,092
550 337,981,476,818,807,296,251,661,555,384
551 354,433,091,835,043,987,787,674,366,381
552 26,422,578,526,191,725,623,514,751,966
553 604,806,319,683,416,764,509,324,435,327
554 902,876,539,063,266,181,639,934,89,833
555 661,881,642,229,476,315,157,818,055,159
556 021,308,922,803,621,704,997,646,458,599
557 015,925,286,252,356,0,223,04,442,627
558 816,919,895,568,225,142,15,486,061,879
559 002,699,532,832,592,971,09,199,239,201
560 784,283,344,957,5,615,602,212,234,662
561 408,281,979,858,894,601,151,843,079,886
562 882,056,635,638,282,929,577,766,261,398
563 986,644,013,965,326,988,259,739,733,845
564 37,748,685,977,129,574,103,052,139,849
565 112,584,687,989,534,878,024,18,97,6
566 57,01,501,227,487,164,58,267,944,794
567 372,47,512,406,506,912,729,038,276,889
568 115,104,51,619,071,892,795,134,64,657
569 293,986,365,013,933,733,322,326,477,259
570 553,962,659,657,358,037,24,21,837,242
571 712,74,83,48,607,738,639,973,85,539
572 522,142,816,278,023,085,357,061,919,8
573 101,5,283,784,615,912,147,729,512,065
574 28,65,457,905,087,163,356,449,888,454
575 837,24,774,619,917,352,892,136,115,657
576 762,521,198,122,71,136,22,917,446,904
577 471,814,244,954,72,116,427,88,312,398
578 219,148,304,07,612,538,654,516,52,91
579 379,598,853,046,679,943,232,231,489,554
580 357,522,713,294,023,535,276,061,33,275
581 31,005,246,027,907,722,956,525,813,927
582 544,982,757,918,217,132,736,204,826,495
583 761,724,571,834,44,983,409,161,999,479
584 389,315,641,203,125,349,642,964,473,157
585 107,401,195,001,084,874,253,87,605,691
586 574,748,465,103,977,54,37,052,129,139
587 133,405,318,177,279,146,413,306,271,166
588 202,822,527,533,673,976,407,86,633,579
589 145,697,771,709,051,513,758,059,215,947
590 162,877,173,648,117,394,694,393,98,105
591 107,585,253,874,001,401,691,084,924,87
592 69,143,937,094,4,978,131,033,016,742
593 737,58,121,735,267,227,43,41,501,676
594 915,826,204,757,217,544,982,285,746,456
595 305,689,483,213,443,19,466,32,462,566
596 647,236,926,945,45,444,782,964,731,871
597 071,134,64,104,115,892,264,51,865,94
598 225,568,855,211,919,816,759,486,583,668
599 576,262,938,547,616,777,345,311,823,994
600 78,387,081,062,499,23,823,587,044,518
601 928,392,207,047,662,234,344,957,399,84
602 481,723,34,472,643,488,098,298,848,681
603 271,177,847,133,613,49,811,045,127,669
604 47,276,294,372,535,765,038,713,889,085
605 512,744,765,545,372,517,086,622,147,101
606 824,891,024,178,153,093,715,687,584,614
607 591,696,866,239,096,09,263,832,551,086
608 355,604,319,416,683,509,764,435,324,325
609 367,589,672,151,184,858,281,264,979,843
610 033,557,864,363,742,295,937,143,69,007
611 244,704,814,718,88,471,775,073,301,72
612 708,645,314,415,863,494,268,81,952,128
613 311,373,777,277,262,576,995,994,482,823
614 509,806,319,355,683,604,435,764,325,474
615 872,612,391,07,148,91,538,52,304,875
616 547,938,995,576,262,454,011,328,457,823
617 95,418,073,183,244,398,261,567,312,653
618 855,919,142,275,061,522,895,568,15,879
619 542,243,224,188,596,852,123,404,302,066
620 741,609,568,896,061,919,399,732,668,895
621 382,804,436,478,067,768,411,296,531,818
622 593,717,384,158,807,972,515,958,597,069
623 013,988,733,397,477,322,56,563,365,986
624 194,333,931,245,793,498,388,084,727,77
625 578,817,725,26,623,255,514,805,422,182
626 953,991,079,52,894,76,91,601,29,654
627 767,269,018,684,538,361,794,164,304,57
628 495,915,757,217,204,544,285,982,746,736
629 945,236,782,647,695,45,731,964,573,444
630 158,951,958,991,29,949,953,698,626,233
631 521,917,71,675,904,762,837,774,24,575
632 647,695,926,45,945,782,731,964,573,444
633 96,009,692,303,543,39,838,528,068,092
634 478,411,126,382,804,105,067,818,648,881
635 923,603,097,273,307,549,856,206,298,34
636 144,614,624,511,249,524,878,18,196,687
637 918,217,292,628,757,809,285,329,233,544
638 888,087,449,353,745,791,65,361,475,391
639 82,291,798,022,893,168,288,883,008,27
640 679,598,489,231,943,232,554,975,853,379
641 413,484,581,06,785,318,153,405,272,802
642 185,813,907,31,005,927,027,564,77,722
643 076,992,078,347,257,369,074,562,974,942
644 198,122,943,904,71,762,231,554,521,675
645 998,302,532,334,222,13,439,199,505,452
646 458,922,38,8,721,625,655,997,278,621
647 554,904,826,231,915,495,943,217,71,446
648 825,971,201,67,753,61,832,618,09,239
649 871,731,45,172,647,236,569,695,497,099
650 282,265,882,635,929,577,638,261,567,049
651 032,53,352,94,491,868,774,892,134,071
652 359,839,939,007,62,331,548,742,848,438
653 925,163,28,04,328,015,755,454,475,223
654 754,469,204,132,982,544,285,495,915,589
655 042,845,961,502,827,034,549,701,739,686
656 461,441,077,209,676,586,377,41,608,064
657 492,479,617,46,999,152,139,052,119,724
658 703,686,549,034,488,472,734,206,845,042
659 525,31,005,185,722,595,213,689,907,305
660 596,67,199,201,61,618,274,542,224,243
661 634,279,133,309,012,271,785,405,049,496
662 934,876,063,181,833,89,902,455,048,019
663 779,879,15,091,043,155,486,38,854,721
664 566,443,32,305,19,483,689,595,048,213
665 466,32,19,443,305,048,689,483,396,595
666 79,869,378,167,208,343,884,467,25,6
667 312,398,339,265,261,954,882,638,056,282
668 096,086,551,517,545,706,622,591,552,129
669 751,2,26,725,191,255,422,578,128,407
670 992,347,346,562,369,257,078,074,362,921
671 36,496,577,929,635,318,638,405,82,012
672 535,713,294,406,47,357,889,085,372,038
673 984,053,688,59,218,743,257,362,968,761
674 981,055,251,337,807,661,818,555,384,838
675 262,995,777,823,547,938,616,311,062,316
676 586,121,41,209,737,944,58,077,719,135
677 73,029,017,468,788,859,967,11,193,317
678 266,902,063,455,934,181,89,833,539,639
679 633,527,673,822,86,202,407,533,952,863
680 096,866,622,545,517,551,506,744,783,706
681 653,412,903,932,183,714,418,301,073,428
682 442,252,627,0,963,755,223,587,015,925
683 345,528,994,96,692,068,911,543,588,597
684 759,15,879,854,779,225,366,895,855,434
685 944,676,719,135,377,209,064,794,58,164
686 034,703,856,549,845,042,988,556,488,734
687 014,801,519,434,043,558,091,854,899,605
688 611,843,979,165,321,281,079,072,894,408
689 365,013,965,644,326,259,988,739,733,114
690 866,086,545,517,551,622,706,129,506,744
691 524,773,111,511,624,189,109,141,144,424
692 337,515,818,055,067,382,981,531,126,768
693 799,566,32,19,048,466,689,443,305,483
694 36,405,318,012,176,279,049,577,634,929
695 224,066,542,243,274,916,199,404,67,61
696 239,09,706,832,591,753,971,699,825,54
697 309,505,778,439,049,452,634,284,012,057
698 609,668,399,417,026,828,568,741,179,149
699 497,403,287,437,569,172,313,819,871,444
700 438,742,939,363,044,557,256,23,839,772
701 585,195,401,001,874,084,253,87,691,605
702 662,047,344,957,234,106,928,392,84,065
703 9,099,331,573,731,62,681,298,536,482
704 86,822,952,2,633,527,976,128,202,191
705 205,189,111,93,141,109,948,182,196,364
706 85,973,559,358,037,175,445,83,48,21
707 819,003,841,171,663,403,651,313,27,287
708 384,981,251,476,593,055,337,226,069,515
709 564,722,927,371,368,005,246,77,31,185
710 776,73,029,468,788,859,967,193,11,317
711 394,694,173,095,75,393,348,162,877,842
712 757,736,918,285,826,544,982,495,915,808
713 193,468,583,73,776,029,859,017,967,474
714 828,149,792,668,896,609,193,399,468,179
715 545,096,129,086,744,866,506,622,551,706
716 999,479,756,492,834,724,761,46,571,385
717 226,972,593,342,597,384,158,629,588,807
718 805,526,623,514,578,364,969,182,561,255
719 136,242,837,24,22,675,521,575,762,774
720 185,246,228,31,813,005,727,907,525,956
721 847,901,272,177,613,49,769,306,669,153
722 58,501,665,267,01,395,57,487,944,43
723 541,324,764,604,355,319,683,228,806,788
724 72,88,471,814,718,775,116,758,704,244
725 822,202,976,673,885,633,533,86,407,952
726 442,963,252,286,587,0,812,223,518,864
727 793,813,228,333,245,604,806,355,246,77
728 961,701,556,042,502,845,693,897,739,424
729 564,77,368,371,907,246,813,245,722,931
730 358,21,445,973,559,607,553,85,962,075
731 459,241,381,941,652,299,842,348,787,433
732 341,658,453,031,114,63,432,933,293,908
733 055,981,818,476,296,807,515,251,384,555
734 497,287,996,99,444,403,569,27,641,203
735 297,728,14,821,913,763,083,664,637,467
736 664,431,747,821,631,14,054,083,537,404
737 121,41,395,58,676,227,586,735,944,209
738 24,575,917,774,619,242,136,657,352,892
739 69,295,094,143,4,978,131,742,548,016
740 207,662,957,344,106,928,392,234,065,784
741 849,375,101,744,5,615,506,289,512,912
742 629,011,829,448,597,342,972,386,588,905
743 992,076,562,346,369,257,078,921,074,362
744 192,235,1,7,414,379,332,169,975,853
745 938,616,995,576,262,011,345,454,777,823
746 236,695,926,45,945,782,731,444,964,871
747 431,631,664,637,054,821,404,074,14,369
748 177,127,613,49,901,306,272,669,769,271
749 059,004,771,758,393,145,697,105,985,411
750 154,284,778,567,428,653,903,261,183,282
751 125,838,661,009,39,315,303,473,555,485
752 59,362,346,562,688,984,076,992,347,376
753 085,713,522,535,276,294,061,023,406,889
754 905,65,475,28,454,163,087,449,328,011
755 363,016,044,864,742,007,438,081,518,033
756 659,075,553,619,865,24,575,837,115,962
757 217,285,544,826,982,918,736,495,915,204
758 098,338,028,643,131,548,4,978,481,723
759 344,207,047,662,065,784,234,602,283,212
760 768,531,12,804,382,126,296,808,478,402
761 208,666,79,467,884,378,869,297,913,728
762 43,501,735,227,395,487,221,58,665,039
763 906,979,843,281,672,151,589,858,408,184
764 884,913,378,869,862,197,815,728,17,297
765 261,154,282,057,056,284,265,183,778,95
766 705,423,523,138,323,249,693,273,603,624
767 726,269,018,361,684,538,57,612,164,794
768 462,019,503,214,371,213,752,781,368,564
769 11,859,029,788,776,324,73,764,017,683
770 209,441,461,656,676,586,41,377,121,064
771 847,306,127,613,49,271,133,901,272,669
772 311,082,772,316,777,373,823,262,62,939
773 064,608,719,586,135,794,944,678,209,451
774 322,563,733,397,56,013,326,988,965,986
775 929,635,882,049,056,638,265,012,176,282
776 383,124,119,493,851,152,289,254,37,849
777 311,316,262,576,373,995,277,823,994,345
778 162,095,648,173,98,117,394,694,105,393
779 748,052,465,139,685,103,37,632,46,574
780 888,836,449,65,475,905,353,791,745,457
781 55,559,035,973,445,48,21,831,861,607
782 996,437,403,497,27,819,841,569,99,707
783 78,081,006,499,062,23,044,518,587,812
784 501,665,57,267,227,01,43,039,58,164
785 963,223,812,0,518,627,252,442,387,04
786 112,878,18,024,989,565,614,584,606,636
787 433,381,803,155,137,021,458,655,459,646
788 504,362,921,562,161,984,376,257,983,44
789 674,299,354,374,835,381,433,155,594,03
790 172,651,313,536,946,273,603,569,871,923
791 769,17,669,869,378,49,613,901,884,467
792 537,728,913,467,884,14,763,862,167,208
793 563,56,477,733,322,326,013,988,572,734
794 996,437,403,569,287,871,172,444,313,946
795 588,972,629,911,069,068,528,247,342,386
796 145,985,758,771,059,947,709,051,513,004
797 3,421,452,428,592,439,778,903,505,284
798 424,739,701,827,644,961,773,141,556,042
799 621,599,308,922,655,646,301,625,8,458
800 288,883,022,168,798,291,058,936,893,27
801 508,711,789,464,582,219,018,451,304,678
802 167,666,79,467,378,884,869,297,913,728
803 655,621,922,997,021,599,704,803,301,646
804 858,151,165,281,601,979,184,894,843,589
805 108,711,789,464,451,678,582,018,684,219
806 064,377,678,451,719,135,586,794,944,684
807 645,216,415,314,863,494,268,952,128,81
808 402,12,768,531,736,217,628,918,067,682
809 579,031,658,237,341,63,453,533,673,933
810 726,684,269,767,538,304,794,135,612,164
811 045,873,815,852,188,811,35,123,862,669
812 743,968,702,688,041,59,113,632,376,984
813 405,36,496,012,279,785,176,413,146,049
814 716,073,95,183,244,653,932,301,261,186
815 812,587,864,963,081,387,627,557,78,363
816 61,67,959,974,201,066,92,846,078,089
817 88,704,941,427,116,72,814,803,459,021
818 337,055,296,981,476,555,382,881,436,126
819 736,292,217,285,757,628,809,233,544,982
820 338,857,131,572,643,098,4,094,734,548
821 952,191,422,2,86,863,255,407,645,966
822 727,604,027,355,813,327,806,319,793,246
823 163,454,04,223,356,28,925,0,006,457
824 284,903,3,778,057,154,653,452,797,421
825 692,068,911,96,386,588,069,336,994,345
826 292,329,809,233,736,935,918,12,531,949
827 297,913,537,763,14,862,083,467,873,884
828 417,792,149,668,896,179,399,609,193,468
829 106,392,207,047,662,234,399,344,957,732
830 406,783,622,294,47,765,276,372,419,551
831 523,249,667,705,749,423,802,993,273,624
832 421,263,552,592,797,591,419,903,3,186
833 028,857,572,643,098,131,734,472,488,4
834 044,007,939,23,363,742,499,772,557,062
835 304,612,269,148,018,875,726,767,219,516
836 882,265,635,929,577,056,766,282,339,176
837 639,08,74,712,539,16,175,48,248,89
838 009,157,661,39,336,303,251,692,125,96
839 547,616,995,576,262,011,345,777,994,386
840 566,181,466,396,063,32,266,443,934,19
841 875,07,304,219,612,538,516,872,91,52
842 529,08,16,351,035,861,48,738,649,74
843 842,241,394,75,117,66,694,652,137,299
844 829,791,342,745,449,629,247,353,972,836
845 978,839,098,848,359,857,4,094,131,256
846 877,162,095,98,478,105,173,804,411,393
847 977,465,685,37,052,103,139,574,632,129
848 298,681,34,723,481,359,098,548,839,206
849 182,205,514,623,507,364,805,93,422,817
850 671,008,349,909,883,288,051,99,709,203
851 958,949,036,226,593,935,717,951,515,233
852 97,561,969,05,364,534,93,805,565,112
853 037,445,21,85,607,962,553,973,559,075
854 646,922,38,721,8,625,278,655,997,621
855 519,801,605,844,014,434,786,68,854,084
856 63,237,933,293,908,579,031,341,453,114
857 697,145,947,059,771,985,004,72,427,393
858 151,408,281,184,601,165,979,589,843,894
859 949,158,935,233,036,809,329,292,515,628
860 911,528,069,588,692,96,597,386,336,384
861 022,291,288,883,798,008,936,27,82,893
862 494,81,432,114,259,415,314,453,341,708
863 371,564,927,77,907,722,867,246,005,813
864 193,73,776,317,017,029,859,967,11,788
865 895,919,855,225,026,211,741,816,668,896
866 896,417,609,828,211,149,568,399,583,792
867 531,12,067,808,804,402,382,126,628,329
868 352,53,156,774,032,94,491,136,915,575
869 743,702,218,041,113,632,688,59,103,089
870 074,942,369,346,974,959,076,618,274,992
871 891,824,715,153,606,272,024,901,127,581
872 8,625,721,38,142,275,458,646,023,522
873 869,884,467,197,666,913,769,17,343,862
874 436,804,126,411,382,105,648,162,067,877
875 526,725,26,255,817,623,514,805,422,751
876 451,608,064,377,719,441,508,461,586,209
877 284,428,057,452,154,3,796,439,505,567
878 18,989,112,687,109,614,565,584,636,196
879 548,094,4,839,937,69,131,295,143,857
880 05,561,969,817,258,805,364,97,526,578
881 852,123,916,118,35,873,542,13,243,224
882 022,168,883,291,008,798,936,058,893,27
883 931,194,42,245,898,77,426,503,752,874
884 472,734,206,703,643,856,481,723,34,098
885 069,911,597,068,528,972,692,629,384,386
886 59,218,743,984,968,702,257,376,041,089
887 967,029,11,859,776,017,73,324,764,468
888 836,087,449,353,745,65,791,361,475,905
889 326,013,733,397,56,686,365,986,563,477
890 857,643,481,723,34,848,548,206,338,472
891 122,762,446,675,71,521,904,943,231,136
892 681,848,34,723,481,206,359,331,098,548
893 766,312,339,261,954,95,265,716,282,882
894 02,325,844,68,426,793,333,416,509,474
895 679,046,232,975,853,489,231,943,379,554
896 951,991,91,52,953,036,516,872,07,391
897 291,022,288,168,936,883,008,893,82,27
898 463,42,425,752,214,503,781,649,351,16
899 546,302,439,532,505,452,334,222,797,13
900 39,303,336,838,157,473,125,96,692,543
901 18,989,878,93,111,507,189,112,196,205
902 077,441,676,586,461,656,41,377,121,944
903 796,505,439,634,778,049,452,166,012,279
904 44,983,571,385,161,834,724,761,504,999
905 416,435,683,806,319,325,355,474,764,604
906 896,399,026,668,741,417,568,179,828,919
907 051,513,215,985,771,909,159,671,145,697
908 292,329,628,233,935,918,736,949,12,531
909 671,349,215,159,513,051,229,642,709,058
910 867,781,833,214,503,752,89,425,462,934
911 383,152,677,492,46,139,052,977,124,756
912 875,304,148,07,538,612,654,516,52,91
913 355,806,683,604,416,764,509,324,435,11
914 783,552,174,551,622,038,238,086,866,33
915 801,558,014,786,605,434,899,844,68,043
916 115,892,865,575,774,352,071,104,837,134
917 135,794,944,586,064,164,377,608,01,676
918 707,841,003,403,27,287,171,996,313,651
919 816,855,568,061,895,741,026,522,275,225
920 776,859,967,73,11,788,017,468,193,324
921 517,744,545,465,37,096,866,086,685,147
922 642,159,881,215,909,513,555,349,051,315
923 809,628,292,935,233,918,736,949,12,531
924 039,015,221,925,356,487,755,28,475,267
925 861,248,035,351,649,55,08,16,48,187
926 247,972,597,829,342,448,588,011,911,717
927 912,101,84,512,375,025,234,372,784,5
928 448,342,629,791,247,972,449,745,597,353
929 577,635,882,638,265,056,049,012,176,282
930 429,221,43,267,487,501,015,735,227,755
931 052,46,977,632,748,492,041,103,119,756
932 09,696,832,591,699,971,706,753,002,955
933 312,766,954,398,638,265,882,893,261,775
934 505,452,309,796,3,778,998,797,428,284
935 639,455,738,902,712,83,175,876,74,89
936 738,539,712,74,08,175,89,16,48,83
937 644,897,845,827,961,042,556,365,701,424
938 359,548,256,978,848,742,007,094,098,4
939 438,007,772,256,044,23,082,742,363,62
940 012,577,929,635,056,796,496,634,36,279
941 792,417,828,193,017,468,668,73,776,317
942 138,523,667,624,749,144,636,511,705,802
943 909,671,203,642,485,159,058,215,389,229
944 087,836,888,791,353,65,745,448,905,829
945 034,856,686,703,042,502,556,845,923,961
946 351,463,898,529,924,253,874,248,42,16
947 093,802,249,993,138,636,523,144,606,06
948 147,289,124,615,37,375,744,5,283,101
949 958,935,233,809,158,329,292,628,036,515
950 947,004,771,758,145,697,393,985,105,709
951 215,229,513,642,909,881,051,709,671,349
952 81,114,268,494,432,644,986,365,965,341
953 256,839,848,548,681,298,331,62,978,939
954 941,137,652,241,803,381,718,021,704,299
955 973,445,187,21,607,55,037,48,358,035
956 657,075,553,962,24,865,619,837,575,115
957 486,854,225,895,434,15,211,879,855,68
958 967,11,029,788,776,73,324,468,017,764
959 974,92,089,618,61,67,078,825,846,346
960 911,588,068,597,528,692,384,251,972,96
961 374,03,7,594,235,414,335,332,674,447
962 767,726,538,018,361,612,684,304,148,872
963 074,078,942,346,076,347,992,274,974,054
964 456,754,589,184,132,204,982,29,544,491
965 403,172,313,996,497,651,871,287,437,946
966 17,49,613,815,769,197,045,847,901,862
967 197,901,613,49,17,669,127,847,869,378
968 378,884,467,197,666,769,913,343,17,79
969 561,05,805,364,258,817,088,97,514,623
970 894,76,321,611,601,165,626,654,408,072
971 399,828,609,896,392,417,928,106,792,668
972 634,166,012,405,496,36,049,318,133,785
973 975,598,853,122,192,447,943,046,679,198
974 999,756,617,724,834,492,761,46,385,053
975 908,031,658,237,341,453,63,533,673,933
976 046,598,489,232,231,943,975,554,853,682
977 366,879,15,486,854,043,091,786,38,155
978 15,779,486,366,142,721,38,855,759,854
979 843,281,165,408,858,151,367,886,906,601
980 92,974,959,702,113,968,618,59,218,688
981 111,141,507,773,109,196,205,93,424,524
982 124,849,615,851,283,5,147,375,254,493
983 641,485,203,315,349,444,964,99,125,473
984 679,046,232,598,682,231,554,402,943,98
985 184,906,151,858,469,408,367,672,281,601
986 19,595,32,305,466,443,483,566,213,799
987 711,108,508,464,582,072,219,304,875,451
988 732,025,535,276,713,47,406,372,84,294
989 878,18,112,109,687,565,614,93,584,024
990 573,307,9,731,45,482,782,331,946,236
991 532,066,201,596,67,955,542,002,971,699
992 381,241,987,842,137,433,348,594,374,66
993 609,179,896,026,668,392,928,828,106,417
994 062,23,823,78,081,387,006,044,438,772
995 997,621,301,932,714,308,412,102,922,655
996 002,955,832,971,09,532,239,592,591,846
997 396,19,32,566,689,466,595,305,048,443
998 014,87,043,091,835,519,335,786,674,354
999 479,617,834,724,756,761,571,385,492,46
